{"count":1,"self":65.7024192,"total":773.8955917,"children":{"AgentSendState":{"count":83467,"self":7.8002655999999995,"total":400.20589689999997,"children":{"CollectObservations":{"count":500814,"self":0.898578,"total":0.898578,"children":null},"CollectDiscreteActionMasks":{"count":500814,"self":0.8304537,"total":0.8304537,"children":null},"AgentInfo.ToProto":{"count":500814,"self":2.847022,"total":390.67659929999996,"children":{"GenerateSensorData":{"count":500814,"self":9.6408952,"total":387.8295773,"children":{"RayPerceptionSensor.Perceive":{"count":500814,"self":378.188672,"total":378.1886819,"children":null}}}}}}},"DecideAction":{"count":83467,"self":306.63782399999997,"total":306.6378119,"children":null},"AgentAct":{"count":83467,"self":0.3840532,"total":0.39104819999999996,"children":{"AgentInfo.ToProto":{"count":4,"self":0,"total":0.0069949999999999995,"children":{"GenerateSensorData":{"count":4,"self":0,"total":0.0069949999999999995,"children":{"RayPerceptionSensor.Perceive":{"count":4,"self":0.0069949999999999995,"total":0.0069949999999999995,"children":null}}}}}}},"AgentInfo.ToProto":{"count":1892,"self":0.015990499999999998,"total":0.9564136,"children":{"GenerateSensorData":{"count":1892,"self":0.046968499999999996,"total":0.9404231,"children":{"RayPerceptionSensor.Perceive":{"count":1892,"self":0.8934546,"total":0.8934546,"children":null}}}}}},"gauges":{"Survive.CumulativeReward":{"count":1896,"max":10.8201294,"min":-0.900000036,"runningAverage":2.58378839,"value":3.28000331,"weightedAverage":3.20856047}},"metadata":{"timer_format_version":"0.1.0","start_time_seconds":"1594081548","unity_version":"2020.1.0b12","command_line_arguments":"C:\\Program Files\\Unity\\Hub\\Editor\\2020.1.0b12\\Editor\\Unity.exe -projectpath E:\/GitHub\/Curve -useHub -hubIPC -cloudEnvironment production -hubSessionId d024b8f0-bf83-11ea-a73f-8b40c593285a -accessToken O1j6HKGrmrzq1ViDh0oyUSCLjPzWr1pN6I02jEnTRDc003f","communication_protocol_version":"1.0.0","com.unity.ml-agents_version":"1.0.2","scene_name":"Game","end_time_seconds":"1594082322"}}